GEOID,observed_prevalence,predicted_prevalence,residual,abs_error
42101002500,10.4,10.37446531884413,0.025534681155869876,0.025534681155869876
42101003702,13.3,12.600597850102782,0.6994021498972192,0.6994021498972192
42101031401,11.6,13.90494082335251,-2.30494082335251,2.30494082335251
42101031502,11.4,11.641616618951165,-0.2416166189511646,0.2416166189511646
42101033200,9.3,9.170059746865327,0.1299402531346736,0.1299402531346736
42101010700,19.4,15.18606408004232,4.213935919957679,4.213935919957679
42101000902,8.2,8.307339221496498,-0.107339221496499,0.107339221496499
42101002000,14.6,12.240614010380199,2.359385989619801,2.359385989619801
42101013900,17.6,15.330915336091154,2.2690846639088473,2.2690846639088473
42101000803,5.8,5.26741903299997,0.5325809670000297,0.5325809670000297
42101024200,15.0,12.896800046605506,2.103199953394494,2.103199953394494
42101007200,19.7,13.40909509974741,6.29090490025259,6.29090490025259
42101036202,9.1,9.456890055257839,-0.3568900552578391,0.3568900552578391
42101019100,13.0,12.118054884037766,0.8819451159622336,0.8819451159622336
42101016300,19.3,18.022630655800906,1.2773693441990943,1.2773693441990943
42101037700,8.7,12.986095003307055,-4.2860950033070555,4.2860950033070555
42101025900,15.7,9.91941333354752,5.7805866664524785,5.7805866664524785
42101017500,21.5,18.557928889689002,2.942071110310998,2.942071110310998
42101006100,15.2,12.379388268347283,2.8206117316527166,2.8206117316527166
42101027402,13.7,12.336066197515962,1.3639338024840377,1.3639338024840377
42101035200,8.8,8.711409374763866,0.08859062523613481,0.08859062523613481
42101034600,12.3,12.396318550323377,-0.09631855032337633,0.09631855032337633
42101989100,13.2,4.19168287233553,9.00831712766447,9.00831712766447
42101008102,20.5,13.38069333461854,7.11930666538146,7.11930666538146
42101027000,13.3,10.034897168600192,3.2651028313998083,3.2651028313998083
42101028300,16.8,15.54259789206242,1.2574021079375814,1.2574021079375814
42101006600,21.4,14.845797030589361,6.554202969410637,6.554202969410637
42101039000,13.0,14.860615703604354,-1.8606157036043545,1.8606157036043545
42101012500,5.5,5.042303105793885,0.4576968942061148,0.4576968942061148
42101030800,10.2,10.058181130662238,0.14181886933776156,0.14181886933776156
42101014300,6.2,9.32175746480742,-3.1217574648074207,3.1217574648074207
42101009100,13.7,10.591922279336252,3.108077720663747,3.108077720663747
42101030200,11.0,10.455710670802995,0.5442893291970048,0.5442893291970048
42101019700,16.7,16.00046915370512,0.6995308462948806,0.6995308462948806
42101035900,11.2,10.298474415080772,0.9015255849192272,0.9015255849192272
42101023700,11.8,8.499012099221867,3.300987900778134,3.300987900778134
42101011100,17.4,13.591534178405752,3.808465821594247,3.808465821594247
42101003300,14.3,14.6315451523738,-0.3315451523737991,0.3315451523737991
42101017201,19.4,13.078009449796141,6.321990550203857,6.321990550203857
42101033500,11.6,12.903400209342276,-1.3034002093422767,1.3034002093422767
42101037200,12.5,10.279054093299248,2.220945906700752,2.220945906700752
42101009300,18.7,14.27028558205433,4.42971441794567,4.42971441794567
42101025400,15.9,9.502641059336307,6.397358940663693,6.397358940663693
42101008400,19.6,13.96305737143325,5.636942628566752,5.636942628566752
42101030700,11.0,11.771775301993149,-0.7717753019931486,0.7717753019931486
42101038600,8.6,7.810115094977061,0.7898849050229391,0.7898849050229391
42101020102,17.2,12.06975968791463,5.13024031208537,5.13024031208537
42101028700,17.3,15.885384500192009,1.4146154998079918,1.4146154998079918
42101028000,18.4,16.209714881280906,2.1902851187190926,2.1902851187190926
42101007101,22.6,16.3037300973237,6.2962699026763005,6.2962699026763005
42101018002,9.6,10.188739247643545,-0.5887392476435451,0.5887392476435451
42101012100,15.2,13.397585737647344,1.8024142623526558,1.8024142623526558
42101020200,19.6,15.517203014671297,4.082796985328704,4.082796985328704
42101029200,12.4,12.342298454247555,0.05770154575244568,0.05770154575244568
42101008702,3.5,4.950066290407953,-1.4500662904079533,1.4500662904079533
42101020600,8.6,9.22362439956247,-0.6236243995624697,0.6236243995624697
42101003001,12.4,12.316501281400868,0.08349871859913272,0.08349871859913272
42101021100,6.9,8.992177288825857,-2.092177288825857,2.092177288825857
42101001600,4.6,5.110841405890245,-0.5108414058902451,0.5108414058902451
42101035602,8.8,8.581811060078868,0.21818893992113253,0.21818893992113253
42101011500,11.5,11.374325997020438,0.12567400297956155,0.12567400297956155
42101016800,21.6,16.25831353126299,5.341686468737013,5.341686468737013
42101023100,7.2,7.957866500085325,-0.7578665000853251,0.7578665000853251
42101011000,22.0,19.270668751734046,2.7293312482659537,2.7293312482659537
42101024900,21.7,18.06637937708483,3.6336206229151706,3.6336206229151706
42101032900,12.1,12.915414363291376,-0.8154143632913762,0.8154143632913762
42101025800,16.9,10.105086986796447,6.794913013203551,6.794913013203551
42101033800,9.7,9.844185625447691,-0.1441856254476921,0.1441856254476921
42101036502,8.5,8.26836764337475,0.2316323566252496,0.2316323566252496
42101026700,19.0,13.874485453364295,5.125514546635705,5.125514546635705
42101015102,23.1,18.267187262662095,4.832812737337907,4.832812737337907
42101037600,9.2,7.597388748269731,1.6026112517302682,1.6026112517302682
42101009801,11.3,10.742680808706345,0.5573191912936561,0.5573191912936561
42101029900,14.5,17.223231092081644,-2.723231092081644,2.723231092081644
42101027700,20.5,13.495887173639671,7.004112826360329,7.004112826360329
42101004001,10.5,11.398844899144654,-0.8988448991446543,0.8988448991446543
42101026302,15.3,11.74765598427531,3.5523440157246906,3.5523440157246906
42101017701,15.6,18.85120223209472,-3.2512022320947214,3.2512022320947214
42101001102,4.3,5.827579312606517,-1.527579312606517,1.527579312606517
42101031101,13.6,13.030783032122018,0.5692169678779813,0.5692169678779813
42101010300,16.7,13.765610877138508,2.934389122861491,2.934389122861491
42101031900,10.6,12.737534936537175,-2.1375349365371754,2.1375349365371754
42101014600,10.2,11.37991390660863,-1.1799139066086308,1.1799139066086308
42101000500,7.3,6.938138463320103,0.3618615366798972,0.3618615366798972
42101007800,8.8,8.521795299463115,0.27820470053688595,0.27820470053688595
42101036303,9.3,9.14212702025376,0.15787297974624082,0.15787297974624082
42101021700,8.0,8.282831271631174,-0.2828312716311743,0.2828312716311743
42101015800,6.7,8.458602098788464,-1.7586020987884643,1.7586020987884643
42101024500,19.8,17.95694736345403,1.8430526365459698,1.8430526365459698
42101013500,7.9,8.744085500545015,-0.844085500545015,0.844085500545015
42101005400,14.8,11.287884688447493,3.512115311552508,3.512115311552508
42101034200,11.6,10.850521941669614,0.7494780583303857,0.7494780583303857
42101034802,9.9,10.256782965097905,-0.35678296509790464,0.35678296509790464
42101003600,16.9,16.82847797310066,0.07152202689933773,0.07152202689933773
42101006200,13.7,14.905555960847988,-1.2055559608479882,1.2055559608479882
42101017202,22.5,14.843705441395006,7.656294558604994,7.656294558604994
42101027401,13.4,12.71619096187757,0.6838090381224298,0.6838090381224298
42101034701,10.8,9.687820635126467,1.1121793648735334,1.1121793648735334
42101023600,10.2,8.097285373022928,2.102714626977072,2.102714626977072
42101016400,18.8,16.312481300551426,2.487518699448575,2.487518699448575
42101001101,6.7,5.110390903961325,1.589609096038675,1.589609096038675
42101033400,12.4,10.580458790887892,1.8195412091121081,1.8195412091121081
42101026400,15.2,10.162214725668406,5.037785274331593,5.037785274331593
42101024100,29.0,17.42372909856851,11.576270901431489,11.576270901431489
42101030100,14.2,16.111259872485636,-1.911259872485637,1.911259872485637
42101009600,18.6,14.943669150273958,3.656330849726043,3.656330849726043
42101019800,18.8,14.375696801414511,4.4243031985854895,4.4243031985854895
42101038300,15.3,16.464162334966307,-1.1641623349663064,1.1641623349663064
42101003902,9.4,10.095204862924772,-0.695204862924772,0.695204862924772
42101036201,9.0,9.015500247168596,-0.015500247168596104,0.015500247168596104
42101031501,9.3,10.44026856613286,-1.1402685661328587,1.1402685661328587
42101035701,11.0,13.394889283175198,-2.394889283175198,2.394889283175198
42101013402,4.0,5.594911013183125,-1.5949110131831246,1.5949110131831246
42101000401,9.0,6.366028306228729,2.6339716937712714,2.6339716937712714
42101014400,9.8,11.055771014715111,-1.2557710147151102,1.2557710147151102
42101013100,14.5,15.389384071783759,-0.8893840717837591,0.8893840717837591
42101002802,9.2,9.186634794279936,0.0133652057200635,0.0133652057200635
42101025300,16.7,12.585588507316913,4.114411492683086,4.114411492683086
42101017601,20.5,17.680399474866775,2.8196005251332252,2.8196005251332252
42101002400,6.9,9.116061338462591,-2.216061338462591,2.216061338462591
42101026900,15.1,11.441532605954114,3.6584673940458856,3.6584673940458856
42101028200,18.1,13.537319633009641,4.56268036699036,4.56268036699036
42101033000,11.3,12.634069150363082,-1.3340691503630815,1.3340691503630815
42101016702,20.2,18.069496458323812,2.1305035416761875,2.1305035416761875
42101037300,8.8,8.714056064530755,0.0859439354692455,0.0859439354692455
42101009200,13.8,17.08377676638249,-3.2837767663824877,3.2837767663824877
42101035100,13.4,9.862832564120135,3.5371674358798657,3.5371674358798657
42101029300,15.9,17.298212178397886,-1.3982121783978858,1.3982121783978858
42101038700,8.2,7.984557776983891,0.21544222301610816,0.21544222301610816
42101008101,19.3,16.210933053851157,3.0890669461488436,3.0890669461488436
42101007300,15.2,13.939408113887955,1.260591886112044,1.260591886112044
42101006500,18.4,14.890228830295191,3.5097711697048073,3.5097711697048073
42101010800,18.1,18.59425853993261,-0.49425853993260915,0.49425853993260915
42101014000,13.3,12.174078785235471,1.1259212147645297,1.1259212147645297
42101017000,11.6,11.026030601463168,0.5739693985368319,0.5739693985368319
42101018001,8.8,10.752310749354114,-1.9523107493541136,1.9523107493541136
42101038000,12.2,13.277946843562582,-1.0779468435625823,1.0779468435625823
42101015101,20.8,20.277703797588963,0.522296202411038,0.522296202411038
42101012201,12.6,13.517617277247792,-0.9176172772477926,0.9176172772477926
42101000804,4.7,4.78759817628552,-0.08759817628552025,0.08759817628552025
42101028902,14.1,14.353169917001626,-0.2531699170016264,0.2531699170016264
42101025700,8.5,8.41675765637612,0.08324234362387983,0.08324234362387983
42101028600,14.6,13.846030142280036,0.753969857719964,0.753969857719964
42101016701,19.5,14.801011360203745,4.698988639796255,4.698988639796255
42101027300,12.8,11.950807855719914,0.8491921442800869,0.8491921442800869
42101002801,10.2,11.578346303801492,-1.378346303801493,1.378346303801493
42101037500,8.9,8.611097610755944,0.28890238924405587,0.28890238924405587
42101031102,13.3,12.752054531948824,0.5479454680511768,0.5479454680511768
42101032300,10.6,13.716682896415719,-3.1166828964157194,3.1166828964157194
42101001700,4.9,5.223721178595676,-0.32372117859567595,0.32372117859567595
42101025200,19.2,13.038932519914493,6.1610674800855065,6.1610674800855065
42101036600,6.6,7.407397440449162,-0.8073974404491624,0.8073974404491624
42101034801,10.6,9.886428928419948,0.7135710715800521,0.7135710715800521
42101008302,19.6,14.275711200104887,5.324288799895115,5.324288799895115
42101007900,7.8,7.17831308385319,0.6216869161468095,0.6216869161468095
42101020101,22.2,18.389663033289732,3.810336966710267,3.810336966710267
42101010400,21.2,15.871968157762156,5.328031842237843,5.328031842237843
42101028100,18.8,16.57565747497904,2.224342525020962,2.224342525020962
42101007000,18.7,13.92371802740667,4.776281972593329,4.776281972593329
42101021400,4.4,7.717116094342662,-3.317116094342662,3.317116094342662
42101000600,2.1,5.939169767679772,-3.839169767679772,3.839169767679772
42101002100,13.4,11.778387442851233,1.621612557148767,1.621612557148767
42101020500,21.7,15.21111726020384,6.488882739796159,6.488882739796159
42101013700,12.8,11.523510212395335,1.2764897876046657,1.2764897876046657
42101003002,13.9,11.856786507469403,2.0432134925305974,2.0432134925305974
42101005500,13.9,11.000908884734445,2.8990911152655556,2.8990911152655556
42101034400,9.6,8.258688178620389,1.3413118213796107,1.3413118213796107
42101031402,14.0,12.86309279520156,1.1369072047984403,1.1369072047984403
42101016000,7.1,9.742223952869763,-2.642223952869763,2.642223952869763
42101033702,10.9,10.341365143761024,0.5586348562389762,0.5586348562389762
42101024600,21.9,17.737701648215662,4.162298351784337,4.162298351784337
42101020700,5.2,7.369646263600146,-2.1696462636001455,2.1696462636001455
42101027800,18.0,11.864917475771943,6.135082524228057,6.135082524228057
42101010100,16.8,12.836497367878914,3.9635026321210862,3.9635026321210862
42101030600,10.7,10.45764709796116,0.24235290203883864,0.24235290203883864
42101026100,18.6,11.308125700146803,7.291874299853198,7.291874299853198
42101019200,14.8,17.855528271417736,-3.055528271417735,3.055528271417735
42101036302,8.8,10.505730947974353,-1.7057309479743523,1.7057309479743523
42101021200,6.7,9.528300368506885,-2.828300368506885,2.828300368506885
42101011400,17.9,11.989562747015627,5.910437252984371,5.910437252984371
42101035302,9.5,9.382986307698653,0.11701369230134695,0.11701369230134695
42101021800,6.6,10.420397368308342,-3.820397368308342,3.820397368308342
42101031800,11.5,13.456725817552801,-1.956725817552801,1.956725817552801
42101019501,17.5,16.376406287358133,1.123593712641867,1.123593712641867
42101011300,21.5,13.553947283974487,7.9460527160255126,7.9460527160255126
42101013401,8.2,4.833582332887179,3.3664176671128203,3.3664176671128203
42101035702,10.2,14.002422103467806,-3.8024221034678067,3.8024221034678067
42101000300,5.9,4.93554471439058,0.9644552856094206,0.9644552856094206
42101016100,9.0,11.499985933139847,-2.499985933139847,2.499985933139847
42101033300,12.9,9.852802354105334,3.0471976458946664,3.0471976458946664
42101017602,20.2,18.066645806726676,2.1333541932733233,2.1333541932733233
42101024700,16.0,14.813238132662551,1.1867618673374487,1.1867618673374487
42101009500,20.1,16.59032147467992,3.50967852532008,3.50967852532008
42101038800,9.4,7.506970814897239,1.893029185102761,1.893029185102761
42101034900,10.5,11.413766474841035,-0.9137664748410348,0.9137664748410348
42101002300,7.8,9.62989129923869,-1.8298912992386898,1.8298912992386898
42101001002,7.0,4.899571331660318,2.1004286683396822,2.1004286683396822
42101008301,21.3,12.215520875158907,9.084479124841094,9.084479124841094
42101006400,14.7,15.880446021578516,-1.1804460215785166,1.1804460215785166
42101027901,17.1,11.540206727555043,5.559793272444958,5.559793272444958
42101011900,17.2,14.760759549249686,2.4392404507503134,2.4392404507503134
42101008802,3.2,4.675175243303153,-1.4751752433031529,1.4751752433031529
42101030000,16.1,15.567760946815532,0.532239053184469,0.532239053184469
42101018800,14.4,15.00454228420397,-0.6045422842039692,0.6045422842039692
42101007400,16.8,14.822008600831069,1.977991399168932,1.977991399168932
42101036100,8.9,10.264894269575782,-1.3648942695757817,1.3648942695757817
42101023500,11.4,9.374223801115646,2.025776198884355,2.025776198884355
42101015600,15.5,17.94896704276535,-2.44896704276535,2.44896704276535
42101005600,14.9,19.987734507061617,-5.087734507061617,5.087734507061617
42101001300,6.3,6.426889623220222,-0.12688962322022235,0.12688962322022235
42101014900,23.5,17.95924986167095,5.540750138329049,5.540750138329049
42101024000,11.0,9.834521874094012,1.165478125905988,1.165478125905988
42101036700,4.7,5.845812265552744,-1.1458122655527436,1.1458122655527436
42101034501,13.9,14.431318114676877,-0.5313181146768766,0.5313181146768766
42101025600,10.4,8.168170559899787,2.2318294401002134,2.2318294401002134
42101003901,10.2,11.616101747199304,-1.4161017471993045,1.4161017471993045
42101026800,16.8,12.750908686834254,4.049091313165746,4.049091313165746
42101029400,19.4,19.125217556077494,0.27478244392250417,0.27478244392250417
42101028500,16.6,15.75091016830049,0.8490898316995121,0.8490898316995121
42101031200,12.3,13.712853728662608,-1.4128537286626077,1.4128537286626077
42101033101,8.8,9.660600723377733,-0.8606007233777326,0.8606007233777326
42101010900,15.2,19.803577423801556,-4.603577423801557,4.603577423801557
42101031700,11.3,11.425291047596978,-0.12529104759697773,0.12529104759697773
42101012203,7.1,7.030081242647559,0.06991875735244069,0.06991875735244069
42101004102,12.9,14.290982074844925,-1.3909820748449242,1.3909820748449242
42101001800,5.9,6.34252578282936,-0.4425257828293594,0.4425257828293594
42101017900,12.1,15.233225217523026,-3.1332252175230266,3.1332252175230266
42101014500,12.6,15.006690889778664,-2.4066908897786643,2.4066908897786643
42101008000,14.2,11.742573659737877,2.4574263402621224,2.4574263402621224
42101036301,11.2,9.864404537851918,1.3355954621480812,1.3355954621480812
42101023900,15.4,9.931499985169491,5.468500014830509,5.468500014830509
42101021500,5.1,9.081662296184053,-3.9816622961840533,3.9816622961840533
42101015300,8.6,7.136273048444611,1.4637269515553886,1.4637269515553886
42101003100,16.4,13.764880061294646,2.635119938705353,2.635119938705353
42101036000,12.4,10.66527634355667,1.7347236564433306,1.7347236564433306
42101013300,5.6,7.108419131004259,-1.508419131004259,1.508419131004259
42101004201,9.2,9.738944169582588,-0.5389441695825887,0.5389441695825887
42101034702,9.0,8.77174779247182,0.22825220752818076,0.22825220752818076
42101000200,9.8,9.815981110923513,-0.015981110923512176,0.015981110923512176
42101034000,9.7,8.903926057084647,0.7960739429153527,0.7960739429153527
42101017800,15.5,16.903774168547812,-1.4037741685478125,1.4037741685478125
42101029000,15.4,13.94323880692197,1.4567611930780302,1.4567611930780302
42101004101,13.7,13.21778611877474,0.48221388122525966,0.48221388122525966
42101027200,13.7,11.0833403310491,2.6166596689508985,2.6166596689508985
42101026200,17.5,9.870455832871999,7.629544167128001,7.629544167128001
42101030900,11.7,12.115261667768497,-0.4152616677684975,0.4152616677684975
42101032500,11.7,11.357694374082596,0.3423056259174029,0.3423056259174029
42101010500,25.8,14.363067376813733,11.436932623186268,11.436932623186268
42101032100,11.4,14.65477329956077,-3.254773299560769,3.254773299560769
42101016902,22.5,16.73282012132291,5.767179878677091,5.767179878677091
42101014100,22.4,13.127402745839749,9.27259725416025,9.27259725416025
42101001400,7.3,5.873264704240102,1.4267352957598982,1.4267352957598982
42101020800,7.7,9.643026025019,-1.943026025018999,1.943026025018999
42101018400,8.9,11.543818494511237,-2.643818494511237,2.643818494511237
42101000901,4.2,6.939801817611662,-2.739801817611662,2.739801817611662
42101010000,13.2,14.034357514701915,-0.8343575147019155,0.8343575147019155
42101021300,5.8,9.197997228168074,-3.397997228168074,3.397997228168074
42101035500,11.0,9.800552078717503,1.1994479212824967,1.1994479212824967
42101011800,19.8,11.963651430536778,7.8363485694632224,7.8363485694632224
42101021900,8.3,8.916155505010787,-0.6161555050107861,0.6161555050107861
42101003701,14.8,14.726502158609597,0.07349784139040416,0.07349784139040416
42101037900,9.4,9.374004337920093,0.025995662079907333,0.025995662079907333
42101013602,5.3,7.882659607009855,-2.5826596070098553,2.5826596070098553
42101033701,13.2,11.990504249151753,1.2094957508482462,1.2094957508482462
42101024300,14.6,14.355311691367861,0.24468830863213853,0.24468830863213853
42101017300,21.8,17.439652826105622,4.360347173894379,4.360347173894379
42101027500,14.0,11.793216671289843,2.2067833287101575,2.2067833287101575
42101030502,12.2,13.058233326559213,-0.8582333265592137,0.8582333265592137
42101038400,10.4,8.482337434554479,1.9176625654455215,1.9176625654455215
42101016600,13.4,15.351614565378263,-1.9516145653782626,1.9516145653782626
42101020000,17.5,22.704439493714435,-5.204439493714435,5.204439493714435
42101026500,16.5,12.835668428042164,3.6643315719578364,3.6643315719578364
42101008601,7.1,9.64111692960735,-2.54111692960735,2.54111692960735
42101002702,8.1,9.358227820327095,-1.258227820327095,1.258227820327095
42101006900,19.7,19.62073602815198,0.07926397184801814,0.07926397184801814
42101020400,20.5,14.434494555132396,6.065505444867604,6.065505444867604
42101008602,15.2,10.888239256378489,4.311760743621511,4.311760743621511
42101000700,5.0,4.808735845656615,0.19126415434338462,0.19126415434338462
42101030501,12.4,14.044976049229037,-1.6449760492290366,1.6449760492290366
42101009000,3.7,4.020077930197209,-0.32007793019720854,0.32007793019720854
42101035301,8.9,8.389652084241124,0.5103479157588762,0.5103479157588762
42101036900,3.2,1.7923824506682189,1.4076175493317813,1.4076175493317813
42101029800,13.1,14.695542929647631,-1.5955429296476318,1.5955429296476318
42101008200,18.3,12.1024678375425,6.197532162457501,6.197532162457501
42101003800,9.6,9.18741233631353,0.4125876636864696,0.4125876636864696
42101011200,18.4,13.579110706788686,4.820889293211312,4.820889293211312
42101007102,20.3,13.990667969688577,6.309332030311424,6.309332030311424
42101019502,18.5,17.612565283691335,0.8874347163086647,0.8874347163086647
42101037800,7.9,12.017413265418634,-4.117413265418634,4.117413265418634
42101010200,20.5,14.429373389286583,6.070626610713417,6.070626610713417
42101027902,9.9,12.824180861920777,-2.9241808619207763,2.9241808619207763
42101026000,15.7,11.515938507632441,4.184061492367558,4.184061492367558
42101006300,16.4,16.761471295668976,-0.3614712956689772,0.3614712956689772
42101013800,16.4,15.198906001220328,1.2010939987796707,1.2010939987796707
42101012204,16.1,9.996220174733041,6.10377982526696,6.10377982526696
42101028901,14.6,13.786989526021673,0.813010473978327,0.813010473978327
42101017400,19.5,18.480274292241294,1.019725707758706,1.019725707758706
42101000801,4.0,4.913531756431467,-0.9135317564314667,0.9135317564314667
42101028400,17.7,14.359201251818657,3.340798748181342,3.340798748181342
42101002200,10.9,11.141734441027173,-0.24173444102717312,0.24173444102717312
42101001001,7.7,4.690696398107458,3.009303601892542,3.009303601892542
42101033102,10.7,10.963542495657412,-0.26354249565741306,0.26354249565741306
42101016200,16.0,16.003347394389344,-0.0033473943893440605,0.0033473943893440605
42101033600,11.4,10.740645269785519,0.6593547302144813,0.6593547302144813
42101009400,22.7,18.160907814997987,4.539092185002012,4.539092185002012
42101019000,12.6,13.7984945874924,-1.1984945874923998,1.1984945874923998
42101035800,11.1,9.784653469609934,1.315346530390066,1.315346530390066
42101038900,19.7,11.571763235025788,8.128236764974211,8.128236764974211
42101031600,11.2,11.526416763178855,-0.32641676317885526,0.32641676317885526
42101010600,26.2,18.53034383114615,7.669656168853848,7.669656168853848
42101001900,6.2,7.544028655170125,-1.344028655170125,1.344028655170125
42101003200,16.6,15.489975395912909,1.1100246040870925,1.1100246040870925
42101014200,4.1,6.911191068844398,-2.8111910688443986,2.8111910688443986
42101017100,19.7,13.202275963013143,6.497724036986856,6.497724036986856
42101001202,4.5,5.023180627587014,-0.5231806275870143,0.5231806275870143
42101006000,15.1,12.68978609945395,2.410213900546049,2.410213900546049
42101025500,11.4,9.428469597804359,1.9715304021956417,1.9715304021956417
42101034502,10.6,11.775099225617614,-1.1750992256176147,1.1750992256176147
42101027100,13.1,12.346223651026161,0.7537763489738385,0.7537763489738385
42101031300,13.0,13.051907085254975,-0.05190708525497456,0.05190708525497456
42101023800,12.3,7.822297438562347,4.4777025614376536,4.4777025614376536
42101015700,12.3,12.97894086776296,-0.6789408677629591,0.6789408677629591
42101033900,10.0,10.22591493489314,-0.22591493489314018,0.22591493489314018
42101026600,18.1,11.903718734795037,6.196281265204965,6.196281265204965
42101024400,18.2,15.004841920418118,3.1951580795818817,3.1951580795818817
42101020900,4.7,8.442641243225387,-3.7426412432253864,3.7426412432253864
42101009802,12.7,11.135248745635439,1.5647512543645608,1.5647512543645608
42101038500,8.2,8.051438312916664,0.14856168708333506,0.14856168708333506
42101035601,11.5,9.119678642018625,2.3803213579813747,2.3803213579813747
42101021000,5.4,8.896586493908671,-3.496586493908671,3.496586493908671
42101022000,9.8,7.771774464664568,2.028225535335433,2.028225535335433
42101032000,9.3,11.405837113066045,-2.1058371130660447,2.1058371130660447
42101001500,6.0,6.969048462755855,-0.9690484627558549,0.9690484627558549
42101015200,17.7,15.717824758447128,1.9821752415528717,1.9821752415528717
42101020300,20.0,18.4289541758532,1.5710458241468004,1.5710458241468004
42101013200,19.1,14.7220955219103,4.377904478089702,4.377904478089702
42101013601,5.0,5.25282095461847,-0.2528209546184703,0.2528209546184703
42101004202,12.1,10.937277873342456,1.1627221266575436,1.1627221266575436
42101029100,16.5,14.566195919733763,1.9338040802662366,1.9338040802662366
42101034100,7.8,8.098135368560643,-0.2981353685606427,0.2981353685606427
42101000100,3.7,5.637916962707692,-1.9379169627076918,1.9379169627076918
42101031000,11.9,12.193875760360985,-0.29387576036098473,0.29387576036098473
42101002900,8.6,8.292553774445743,0.3074462255542567,0.3074462255542567
42101016901,18.7,14.52113261528009,4.17886738471991,4.17886738471991
42101008701,4.7,9.665387459618243,-4.965387459618243,4.965387459618243
42101024800,17.6,12.26037474282733,5.339625257172671,5.339625257172671
42101036501,10.5,10.081516509020883,0.4184834909791171,0.4184834909791171
42101034803,9.9,9.147925179291978,0.7520748207080228,0.7520748207080228
42101027600,16.7,14.120251751567412,2.579748248432587,2.579748248432587
42101008500,18.8,15.09910586396019,3.7008941360398104,3.7008941360398104
42101007700,8.3,9.122386877771882,-0.8223868777718817,0.8223868777718817
42101004002,9.9,10.990028758592041,-1.090028758592041,1.090028758592041
42101026301,17.5,11.376949874700227,6.123050125299773,6.123050125299773
42101017702,18.5,18.320801885049466,0.17919811495053395,0.17919811495053395
42101019900,20.1,17.97296283033882,2.1270371696611825,2.1270371696611825
42101036203,8.6,8.571422084042796,0.028577915957203714,0.028577915957203714
42101011700,9.1,6.961304682301568,2.1386953176984314,2.1386953176984314
42101006700,12.8,13.60698461500945,-0.8069846150094495,0.8069846150094495
42101021600,6.9,8.487199931560687,-1.5871999315606864,1.5871999315606864
42101018300,8.8,9.341235827758318,-0.5412358277583174,0.5412358277583174
42101038200,14.1,15.617377908187292,-1.5173779081872922,1.5173779081872922
42101012000,10.3,10.239428331904143,0.060571668095857234,0.060571668095857234
42101000402,9.1,5.291966505510786,3.808033494489214,3.808033494489214
42101016500,21.4,19.1465897708628,2.2534102291371987,2.2534102291371987
42101028800,16.4,14.83753250402998,1.5624674959700187,1.5624674959700187
42101002701,10.0,11.619138865350745,-1.6191388653507452,1.6191388653507452
42101032600,9.9,10.85265881625264,-0.9526588162526402,0.9526588162526402
42101001201,5.0,5.1915866190661175,-0.19158661906611751,0.19158661906611751
42101014700,6.5,14.947019107621974,-8.447019107621974,8.447019107621974
